serial,axis,f0_pulse,h_pulse,f0_log,h_log,noise
453022522,X,4.945688203878166,0.711245424137782,4.9154,0.714,1.1629691915586013
453022522,Y,4.974943715732105,0.7085666210085984,4.9611,0.711,1.143501241669565
453022522,Z,4.975698614471324,0.7241116495115889,4.8648,0.698,1.1558399467951896
20230407040654,X,5.002859268742241,0.7320934963803944,5.0102,0.7132,1.2589998099127249
20230407040654,Y,4.935770217748466,0.7281776357739105,4.9768,0.7268,1.2484796904478515
20230407040654,Z,5.089321658861133,0.7242489344783584,4.9137,0.7227,1.2342999134634929
20230407041120,X,4.951575134190907,0.7026959588383563,5.0582,0.7074,1.1936229323944507
20230407041120,Y,4.909447691378179,0.6685862203354351,4.9742,0.7044,1.1650503107771104
20230407041120,Z,5.1130685576857395,0.7156636677623207,4.9584,0.6728,1.1813426764965091
20230407040756,X,4.897614808250399,0.7299206864663046,5.0804,0.7013,1.1761043856404916
20230407040756,Y,4.777842766674707,0.7669611035242041,4.8635,0.723,1.1520064945230752
20230407040756,Z,5.116511218521596,0.7075132872712948,4.6948,0.7578,1.14655245242862
20230407041026,X,4.964790906484787,0.6732506304053332,4.9996,0.7131,1.1672476831617293
20230407041026,Y,5.029275218650758,0.7078782621957987,4.9907,0.6746,1.1344952143394798
20230407041026,Z,5.008747311701678,0.7170148021873426,4.9902,0.7065,1.1393837412446408
20230407040512,X,5.036574095453726,0.7211003624162091,4.9733,0.7061,1.1860602398395388
20230407040512,Y,4.97399367515752,0.7218420873871496,5.0068,0.7179,1.172634380887384
20230407040512,Z,4.991091265463142,0.7108888654538945,4.9674,0.7188,1.1614277198788805
20230407040912,X,4.902003610688329,0.7165866252281201,5.037,0.708,1.1819402568361324
20230407040912,Y,4.911065377254564,0.7278577573219134,5.0038,0.7227,1.192302627614382
20230407040912,Z,5.065518017926239,0.7136674382386238,4.9282,0.7251,1.1693004886160254
